name,species,3’,5’,consensus_length,Based on # sequences,Clustering %,notes,consensus_sequence
CryptV-10_Cfl_anaTes-1,Anabas testudineus,no,no,,,,,
CryptV-11_Cfl_anaTes-1,Anabas testudineus,no,no,,,,,
CryptV-10_Cfl_anaTes-2,Anabas testudineus,no,no,,,,,
CryptV-12_Cfl_anaTes-1,Anabas testudineus,no,no,,,,,
CryptV-1_Cgi_cypCar-1,Cyprinus carpio,yes,yes,3951,3,95,Fragmented consensus due to scaffold end scaffold end. ,AGAGTTCAGAtgATTACgTTcCAGATaCCACTTCCGAAAGTGAChGTGATGtTagcCTTacACtAAACCAGACAAAACgTCAGCTTCTTGATGAACTGGAtGTTGATcAgTCTGGCTCAgTGAGTTgCCcTGACTGTGACACcACAcbtyCAtAcAAAATGCAtAGhCTTataTCTGAAGCAtcygraacagaagaaccmwgttcaagtcagaacrcaaymgatggcgtagttgttagtgyATACCAAAAAAGAGaTGgTgctAGAGTgTACAACAAGAGACAtTActgcttgTAcTGCaGTAAacCaTATGCTAAGATGGCAAGGCATCTAGAAAGTTCACATGhAaATaAgTCTGATGTGGCTAgAGCtCTAAGCTTTCcAAAgaGTTCaAAGGAGAGAAAAAAACAGCTtGATTATATTCGCAACAGAGGAAACTATGCTCAcAATGCaGCTGTTATGGAGTCAGGAAAGGGGGAACTAGTGCCATTTAAACGACCACGTAAAAAAGTGCAGGGAGAAGATTTCAtGCATTGTGCATACTGTCAAGGACTTTTTACAAGAAAGGTCCTGTGGAGACACATGCgTACTTGTAGACTTCAACCACAATCaGACCCTCCCAAACCAgGAAAAAACcGTGTTCAGTCCATGTGTACCTACACTGGGCCTGTGCCTTCAAACATGACcAGACAACTGTGGGGAGTcATCAgTGCCATGAATCCTGACCCAATCACAGATATAATAAAAAATgacagagTAATTACTgAAATTGGGCAGTTGTTAAACAAAGGTGGGCTATCAGATAAGAATAAACAATGTGTGCGGGAGAAGATGCgAGAATTGGGAAGATTGATTCACAATGCCAGGAAAGTCACCTCCTTAaAaAaActgGAagatTGTGTaAAtCcaAAgAAgtacAtggAGactgtCAAagcTGTCAAgtATACAtgtgggtATGACAGTgAAACc?acAAaTtctTGATttCATCAcTTGCAAaCAAGctTGgaaatTCCCtggtTAAaghAagCAaActCttgAaaGctcAGGgcttAAtcttCaAcgAcaaAcAGctTGtgaAgAAtgCCactGagtttcaagaagtccatgcgaataAGTGGAACGAGATGATCTCTGCTACAGCGCTaAGGAATATCAGGGAAGCAAAGTGGAATGTGCCCACTCTCATGCCCTTTACTGAAGACGTACAAAAACTGCATACTTTTCTCAGTCAAGTGCAAGACGAGTGGTTCAACCTGCTCTCTGAAAGTCCaTCTACTAAAGCCTGGATGGAGCTGGCCAAGGTGTGTCTAGCcCAGATGATTCTCTTTAACcGGCGGAGAGAAGGAGAGGTGGcGAGCATGCCTTTGTCTGcGTTTtTATCAAGAGACACTTCTGATCCAcATGAgGATGTGGACtgGGCTCTCTCCGAAGTGGAGAAGAAACTCTGCagacacttcacaagggttatcACCAGGGGAAAGCGTGGTCGGCCAGTTCCAGTTCTTCTGACTCCaAAAATGCTGTGTTCCTTAGAACTCCTTGTTAAGCAGAGAGAGgcTTGTGGGGTTTTAAAAGACAATGCCTATATGTTTGCTAGACCAGAAGCCATGACACATTTCCGAGGGTCAGACTGCCTCCGTGGCTTTGCAaAGGCATGTGGTGcAAAgtGTCCCAAGGCACTGACATCTACCAGGcTGCGAAAGCAtgccgcgacccTTTCAACAGTGCTGAACATGACAGACACCGAGATGGACCAGCTGGCAAACTTTCTTGGGCACGACATAAGAATCCATCgTGAGTTCTATCGACTCCCTGAGAAGACCCTGCAACTTGCCAAGATCAGCAAAGTTTTAATGGCTCTTGAGcAAGGAAGATTAGCTGAGtTCCATGGCAAGAACTTGgatgaaattgggatagatcctGATGGTTTGTTAATTTATTAGATTTTTTTTAAACCATCTATTCAAATACCATGTGTTTACAAACCATTATATACCACTGTAAAGCTGTaCTTTGAACTTCCACAGAAAaattattgactgtgatgaggaagaacAAgTTATTGACTGTGATGAGGAAGAACAAGTTATTGACTGTGATGAGGAAGGCGGGAGCATACAAGAaGGACACTGTTCtTCTACTGTTGACGGTTTGTATTACTGTCAAAATACACCATTATATTTTGTAGTTATTAATAGTTATCAGTCAAtTGACTTGTGAAGACCTGACGGGCGAACACATTGTTCCAGCATAGAAGATGATTCAGTGCAcTAAACAAGCATTTATTTtTAtTTTTTGTCAAAactACTATCAAATGCCTCCAAaCTATTCTTCAACATTATTATTTTAttacgtactaytaattattaagtattaatagggcCtTTCGCACCGCTTTAGTTCCAtAACTAAATGTACtGTAtTAAAGTACTGGGACGATTTTGCATGAACTATTTCCCAGTACCATTTAAAGGATTGCATTCACACCGACAGTGTGTtCTAGGACATGACGTAAGTCGGTCGACAGtGACGTCATTTGTGCTCGACGTTCAACAACGGAAACAAAGAAcAGCATTAACAACAGGAGGATGGAGgACGCTGTGATCGGAGCTGTGTTTTTGATGTGTCTCGcGGGTTTCACAATAATGGACAaGgAATgTCAAcGTATACgTAAAGCGATTGAAAGAACGGAAAGGAGGACTAAGAGTCTCCAACGACAACTGGCAGTGCTACATTTGCTACAAGTGCCTGCACTTCAGTGTCCATATATTTATCGCTGTTCGTCATacttgcaaaataagttgacacaatgtttacagtatgttacacagcgtttgaaatcatggtgggtgagggcgttttcgaatgcgtctggccaatcaatgtctacttrcatcacrggtagtaccagttgtgctggttagaccctgctctggagtaggagctaatttggtttttgaaaaaggcagtccggtactaaaataataataaaaacgcccaaaagtgggtagttccacaattagttykggtactatgAAAAGGTTCCTGcAGTGcvAAAGGCCCTAATACATATTTTGTATTAtTacTycATTTTATCATCAACATGTTTTACTGTAAACATThgkTTTTTTGAGGAACTTAATACTATAAAATTAGGGGTTCATAAGAaAAAGTTAcATTTGTcGTGTAAtGCTAGCTGATCCActCTCTTCTCATGTTGGATGaGTTGAGGCACAAaACGAATTGTCAGATGATTCCATTTTGACTAAAATAAAACAAAGTACTCTGTTTAAAGTTTATGAGCTTATTTTTTCTAAAATGTTTATTGAAAAGACATGATGAAGATGTAGTTCAaTTTTACTTGCAATGATTAAAACAACTGCACACTTTAGGGTTAATTGCACTTACTGTATCTACTGTATtACCATGATTAAAATCATTAGTGTGACAAAAACACCCATCACTTGTGCATTGTCAGCATTTTTATTTTATTTTTTTacATTATTGATCTTTCTGAAAATGTTGAACTTTGATTATTTCCTATCGAACCTTCAGCCGAtGTGGCACTTCCTTCTACCGAGAGGAATATGTCACCACCTCACAAAAGAGGCAAACcATCATCAGATGTGCAGATGCCTTCAGGAGCCAGTGCTATGAGACCGCCTCaCAAAGGTGAACTCTTTACACATTTCTCTTTTGTATGTCTGTTGTTTTCTGTAGAATTAAATTCAACTAGAATTGcctaaatgttgcagtagcagccacatagtaaaaarataaatAAAAGAATGCTCATTTTAATCACTGATAaGCTTATATCTGTTTGTCATTTTATCCCTGAAAAAATCaAAATTCATGCCTCTTTCATTTCAAAGCCACCAGTTAGCCTCCTCTGTCAGCTGTGAATAAATAAACATAagATGACACACATGTAATGTTTTGCACACGTTT
CryptV-1_Cgi_danRer-1,Danio rerio,no,no,,,,,
CryptV-1_Cgi_gadMor-1,Gadus morhua,no,no,,,,,
CryptV-1_Cgi_gadmor-2,Gadus morhua,no,no,,,,,
CryptV-1_CGI_gadMor-3,Gadus morhua,no,yes,,,,End denoted by TG-satelite,
CryptV-10_CFl_gouWil-1,Gouania willdenowi,no,no,,,,,
CryptV-1_CGi_oryLat-1,Oryzias latipes,no,no,,,,,
CryptV-1_CGi_orylat-2,Oryzias latipes,no,yes,,,,End denoted by TG-satelite,
CryptV-10_CFl_parRan-1,Parambassis ranga,yes,no,,,,,
CryptV-1_CGi_spaAur-1,Sparus aurata,no,no,,,,,
CryptV-1_CGi_sphOrb-1,Sphaeramia orbicularis,yes,yes,,,,,
